case,method,m,maxn,status,iter,ap,pObj,wall_ms
truss1,nt,6,2,optimal,14,2.008073668351044e-8,-8.999996331143286,143
truss1,hsde-nt,6,2,optimal,13,2.4847713141872564e-7,-8.999996249488213,114
truss4,nt,12,3,optimal,14,5.462631891944781e-8,-9.00999632281104,152
truss4,hsde-nt,12,3,optimal,11,1.8997935872731496e-7,-9.009996267619425,145
hinf6,nt,13,6,optimal,17,0.19179311405969202,449.0436432831135,446
hinf6,hsde-nt,13,6,optimal,24,0.0000826982141006738,448.9347029932297,205
hinf8,nt,13,6,optimal,14,0.05487985291983932,116.20664006694537,229
hinf8,hsde-nt,13,6,optimal,16,0.0010269872145727277,116.16202864412386,211
hinf1,nt,13,6,optimal,12,0.0002517744981727077,2.033017799355618,164
hinf1,hsde-nt,13,6,optimal,29,7.661278687010054e-7,2.0326028704375703,173
hinf2,nt,13,6,optimal,15,0.0005188775655624589,10.96731376526905,164
hinf2,hsde-nt,13,6,optimal,21,9.66497295973312e-7,10.967214898300666,196
hinf7,nt,13,6,optimal,16,0.01061972975730896,390.8097823487469,187
hinf7,hsde-nt,13,6,optimal,27,0.0005819797515869141,390.81237334900845,205
hinf3,nt,13,6,optimal,40,0.0000020707831534516608,56.94798457299963,194
hinf3,hsde-nt,13,6,optimal,98,0.00007532374002039433,56.940875212921874,250
hinf5,nt,13,6,optimal,15,0.22972285639843903,362.31110786151135,308
hinf5,hsde-nt,13,6,optimal,19,0.004173265595454723,362.2921003948387,182
hinf9,nt,13,6,optimal,33,0.000001779182639438659,236.24926267666166,296
hinf9,hsde-nt,13,6,optimal,26,0.000005444780981633812,236.24925752726367,399
hinf4,nt,13,6,optimal,13,0.000883946132262281,274.7643930832833,198
hinf4,hsde-nt,13,6,optimal,21,0.00037140185258977,274.76438851028604,189
hinf10,nt,21,8,optimal,22,0.005434161710145693,108.87985526093337,212
hinf10,hsde-nt,21,8,optimal,119,0.007598929435764029,108.7123715898784,330
truss3,nt,27,5,optimal,13,3.765368534409131e-8,-9.109996218688204,197
truss3,hsde-nt,27,5,optimal,14,1.8126378044198523e-7,-9.109996154054054,212
control1,nt,21,10,optimal,38,1.2270447768969461e-8,17.784626687782275,245
control1,hsde-nt,21,10,optimal,24,4.2081765627699497e-8,17.784626752304142,211
infp1,nt,10,30,optimal,2,152202.53006939372,63495.008800112315,452
infp1,hsde-nt,10,30,optimal,8,3.5637807637279906,-4.960945802139564,455
infp2,nt,10,30,optimal,2,112885.89025939073,61873.20869033096,551
infp2,hsde-nt,10,30,optimal,8,9.568982612049457,25.658598464043582,1524
infd1,nt,10,30,optimal,2,21622.408597947786,41.48518578941424,1499
infd1,hsde-nt,10,30,optimal,1,46.49017038517877,40.14590749225577,858
infd2,nt,10,30,optimal,2,10478.431659351832,-5.953499205273057,1666
infd2,hsde-nt,10,30,optimal,2,92.40865149572923,5.507255890757196,1265
hinf11,nt,31,10,optimal,19,0.028323737111192637,65.96660077374861,466
hinf11,hsde-nt,31,10,optimal,39,0.0019168578847015697,65.86317591923621,495
truss2,nt,58,4,optimal,13,3.630001057949686e-7,-123.38035661828913,971
truss2,hsde-nt,58,4,optimal,17,4.228628960772653e-8,-123.38035636180116,953
hinf12,nt,43,12,optimal,19,5.104980500606647,24.12757271982541,2457
hinf12,hsde-nt,43,12,optimal,51,0.0004622936248779297,0.00005142861531723573,2375
truss7,nt,86,2,optimal,33,7.711954524946142e-8,-900.0013820754368,2927
truss7,hsde-nt,86,2,optimal,57,7.669484730576582e-8,-900.0014005936305,15318
hinf13,nt,57,14,optimal,20,0.8841615621931851,45.71713839677728,1088
hinf13,hsde-nt,57,14,optimal,24,0.044448137283325195,44.369239020809495,686
hinf14,nt,73,16,optimal,14,0.015811514682070538,13.001742128096348,1685
hinf14,hsde-nt,73,16,optimal,26,0.0006641858108196175,12.990316800922601,827
control2,nt,66,20,optimal,38,5.369549227474124e-8,8.299999551749197,1685
control2,hsde-nt,66,20,optimal,26,2.70040970917762e-7,8.300000098558831,1118
hinf15,nt,91,18,optimal,20,0.3950705194292823,25.33453163623922,1641
hinf15,hsde-nt,91,18,optimal,24,0.07594091817736626,24.00026628499903,1679
truss6,nt,172,3,optimal,27,0.000017046300480364937,-901.0014052605768,10601
truss6,hsde-nt,172,3,optimal,24,0.00020467548776324123,-901.0013117657364,11108
truss5,nt,208,10,optimal,14,7.665699955355621e-7,-132.63567818203938,8916
truss5,hsde-nt,208,10,optimal,20,0.000003132118201131709,-132.63567643806462,12399
qap5,nt,136,26,optimal,12,0.000008068050192377996,-436.0000080741098,2877
qap5,hsde-nt,136,26,optimal,10,0.000004988102418224116,-435.99999901463354,1083
control3,nt,136,30,optimal,56,5.3083615281224183e-8,13.633267201958756,6318
control3,hsde-nt,136,30,optimal,29,1.8231886222963567e-7,13.633266560122463,3977
theta1,nt,104,50,optimal,14,1.6836558036636973e-7,22.99999983447311,3619
theta1,hsde-nt,104,50,optimal,12,1.9170683729363702e-7,23.00000002514191,3095
qap6,nt,229,37,optimal,11,0.006136541158412001,-381.4329507340579,43783
qap6,hsde-nt,229,37,optimal,35,3.985566404147482e-7,-381.4375592037059,-3615220
control4,nt,231,40,optimal,39,0.00000286885162736894,19.794229462151737,67965
control4,hsde-nt,231,40,optimal,51,3.673587016805868e-7,19.794231685644384,17601
mcp100,nt,100,100,optimal,14,8.324989861363541e-7,226.1573506630481,13798
mcp100,hsde-nt,100,100,optimal,13,0.000002247174746117242,226.1573496203172,11599
gpp100,nt,101,100,optimal,122,1.2723148756776936e-7,-44.94355004472717,82099
gpp100,hsde-nt,101,100,optimal,21,0.00003583680049246141,-44.94352772972758,68507
truss8,nt,496,19,optimal,18,6.074117880916974e-7,-133.11458951986722,81694
truss8,hsde-nt,496,19,timeout,-1,nan,nan,90991
mcp124-4,nt,124,124,optimal,17,6.848924622993025e-7,864.411863374706,28015
mcp124-4,hsde-nt,124,124,optimal,14,0.0000069755372853474995,864.41185819781,25537
mcp124-2,nt,124,124,optimal,15,2.9626200448440443e-7,269.8801703507173,26080
mcp124-2,hsde-nt,124,124,optimal,12,0.000015149896055111078,269.8801579832706,22613
mcp124-1,nt,124,124,optimal,15,2.9000774603993307e-7,141.99047681385488,27482
mcp124-1,hsde-nt,124,124,optimal,12,0.000009704651795394703,141.9904697494607,22465
mcp124-3,nt,124,124,optimal,15,8.161251244809264e-7,467.7501134792341,26161
mcp124-3,hsde-nt,124,124,optimal,13,0.000011260946554791929,467.7501048156448,24370
gpp124-4,nt,125,124,optimal,22,6.793343345634639e-7,-418.98762458149207,36602
gpp124-4,hsde-nt,125,124,optimal,22,0.000117240900010529,-418.9875055604712,78532
gpp124-1,nt,125,124,timeout,-1,nan,nan,90441
gpp124-1,hsde-nt,125,124,timeout,-1,nan,nan,90406
gpp124-2,nt,125,124,optimal,23,1.6865851648617536e-7,-46.86229468330292,52738
gpp124-2,hsde-nt,125,124,timeout,-1,nan,nan,90377
gpp124-3,nt,125,124,optimal,14,0.000010657788152457215,-153.0141359723719,38204
gpp124-3,hsde-nt,125,124,timeout,-1,nan,nan,90504
control5,nt,351,50,optimal,50,0.000009137030775541177,16.883606085817515,51449
control5,hsde-nt,351,50,optimal,36,5.320483147386312e-7,16.883599857647912,37887
qap7,nt,358,50,optimal,12,0.0028004179940026575,-424.81309586712763,30560
qap7,hsde-nt,358,50,optimal,28,0.000025715510027168875,-424.8173817990937,71744
arch2,nt,174,174,timeout,-1,nan,nan,91283
arch2,hsde-nt,174,174,timeout,-1,nan,nan,91839
arch0,nt,174,174,timeout,-1,nan,nan,91478
arch0,hsde-nt,174,174,timeout,-1,nan,nan,91962
arch8,nt,174,174,timeout,-1,nan,nan,91155
arch8,hsde-nt,174,174,timeout,-1,nan,nan,91850
arch4,nt,174,174,timeout,-1,nan,nan,91534
arch4,hsde-nt,174,174,timeout,-1,nan,nan,91914
control6,nt,496,60,timeout,-1,nan,nan,90446
control6,hsde-nt,496,60,timeout,-1,nan,nan,90597
ss30,nt,132,294,timeout,-1,nan,nan,91898
ss30,hsde-nt,132,294,timeout,-1,nan,nan,91606
theta2,nt,498,100,optimal,13,6.128063535504324e-7,32.87916842645976,80527
theta2,hsde-nt,498,100,optimal,13,2.111725829201383e-7,32.879169050314395,81643
mcp250-4,nt,250,250,timeout,-1,nan,nan,92200
mcp250-4,hsde-nt,250,250,timeout,-1,nan,nan,92340
mcp250-2,nt,250,250,timeout,-1,nan,nan,92155
mcp250-2,hsde-nt,250,250,timeout,-1,nan,nan,92334
mcp250-3,nt,250,250,timeout,-1,nan,nan,91942
mcp250-3,hsde-nt,250,250,timeout,-1,nan,nan,92109
mcp250-1,nt,250,250,timeout,-1,nan,nan,92763
mcp250-1,hsde-nt,250,250,timeout,-1,nan,nan,92236
gpp250-3,nt,251,250,timeout,-1,nan,nan,92762
gpp250-3,hsde-nt,251,250,timeout,-1,nan,nan,92924
gpp250-1,nt,251,250,timeout,-1,nan,nan,92989
gpp250-1,hsde-nt,251,250,timeout,-1,nan,nan,92877
gpp250-4,nt,251,250,timeout,-1,nan,nan,92965
gpp250-4,hsde-nt,251,250,timeout,-1,nan,nan,92855
gpp250-2,nt,251,250,timeout,-1,nan,nan,93151
gpp250-2,hsde-nt,251,250,timeout,-1,nan,nan,92883
